{
  "bert.encoder.layer.0.attention.self.query": 7.640721797943115,
  "bert.encoder.layer.0.attention.self.key": 9.16689395904541,
  "bert.encoder.layer.0.attention.self.value": 5.030811309814453,
  "bert.encoder.layer.0.attention.output.dense": 4.248909950256348,
  "bert.encoder.layer.0.intermediate.dense": 17.274383544921875,
  "bert.encoder.layer.0.output.dense": 59.196685791015625,
  "bert.encoder.layer.1.attention.self.query": 8.571121215820312,
  "bert.encoder.layer.1.attention.self.key": 7.920510768890381,
  "bert.encoder.layer.1.attention.self.value": 5.147951602935791,
  "bert.encoder.layer.1.attention.output.dense": 2.724858283996582,
  "bert.encoder.layer.1.intermediate.dense": 21.417945861816406,
  "bert.encoder.layer.1.output.dense": 37.940895080566406,
  "bert.encoder.layer.2.attention.self.query": 10.48221206665039,
  "bert.encoder.layer.2.attention.self.key": 9.327497482299805,
  "bert.encoder.layer.2.attention.self.value": 4.507908821105957,
  "bert.encoder.layer.2.attention.output.dense": 2.4752895832061768,
  "bert.encoder.layer.2.intermediate.dense": 57.881797790527344,
  "bert.encoder.layer.2.output.dense": 246.51988220214844,
  "bert.encoder.layer.3.attention.self.query": 8.678016662597656,
  "bert.encoder.layer.3.attention.self.key": 7.166878700256348,
  "bert.encoder.layer.3.attention.self.value": 5.006745338439941,
  "bert.encoder.layer.3.attention.output.dense": 2.5436205863952637,
  "bert.encoder.layer.3.intermediate.dense": 59.97077941894531,
  "bert.encoder.layer.3.output.dense": 81.35012817382812,
  "bert.encoder.layer.4.attention.self.query": 8.866775512695312,
  "bert.encoder.layer.4.attention.self.key": 9.389692306518555,
  "bert.encoder.layer.4.attention.self.value": 5.610755443572998,
  "bert.encoder.layer.4.attention.output.dense": 2.8594255447387695,
  "bert.encoder.layer.4.intermediate.dense": 61.425045013427734,
  "bert.encoder.layer.4.output.dense": 83.2510986328125,
  "bert.encoder.layer.5.attention.self.query": 8.74997329711914,
  "bert.encoder.layer.5.attention.self.key": 8.810783386230469,
  "bert.encoder.layer.5.attention.self.value": 5.224709510803223,
  "bert.encoder.layer.5.attention.output.dense": 2.8885531425476074,
  "bert.encoder.layer.5.intermediate.dense": 49.704490661621094,
  "bert.encoder.layer.5.output.dense": 64.4382095336914,
  "bert.encoder.layer.6.attention.self.query": 8.973773956298828,
  "bert.encoder.layer.6.attention.self.key": 8.50717830657959,
  "bert.encoder.layer.6.attention.self.value": 4.7423200607299805,
  "bert.encoder.layer.6.attention.output.dense": 2.8270604610443115,
  "bert.encoder.layer.6.intermediate.dense": 25.981061935424805,
  "bert.encoder.layer.6.output.dense": 38.27834701538086,
  "bert.encoder.layer.7.attention.self.query": 9.123113632202148,
  "bert.encoder.layer.7.attention.self.key": 8.822067260742188,
  "bert.encoder.layer.7.attention.self.value": 4.528270721435547,
  "bert.encoder.layer.7.attention.output.dense": 3.0768210887908936,
  "bert.encoder.layer.7.intermediate.dense": 18.718690872192383,
  "bert.encoder.layer.7.output.dense": 12.59125804901123,
  "bert.encoder.layer.8.attention.self.query": 9.413124084472656,
  "bert.encoder.layer.8.attention.self.key": 8.339376449584961,
  "bert.encoder.layer.8.attention.self.value": 5.389779090881348,
  "bert.encoder.layer.8.attention.output.dense": 5.547407150268555,
  "bert.encoder.layer.8.intermediate.dense": 23.749095916748047,
  "bert.encoder.layer.8.output.dense": 149.54360961914062,
  "bert.encoder.layer.9.attention.self.query": 9.392655372619629,
  "bert.encoder.layer.9.attention.self.key": 8.703344345092773,
  "bert.encoder.layer.9.attention.self.value": 5.651368618011475,
  "bert.encoder.layer.9.attention.output.dense": 4.106025695800781,
  "bert.encoder.layer.9.intermediate.dense": 92.86573791503906,
  "bert.encoder.layer.9.output.dense": 730.8912963867188,
  "bert.encoder.layer.10.attention.self.query": 7.658268451690674,
  "bert.encoder.layer.10.attention.self.key": 8.387069702148438,
  "bert.encoder.layer.10.attention.self.value": 5.674736022949219,
  "bert.encoder.layer.10.attention.output.dense": 2.375606060028076,
  "bert.encoder.layer.10.intermediate.dense": 136.56967163085938,
  "bert.encoder.layer.10.output.dense": 1027.4732666015625,
  "bert.encoder.layer.11.attention.self.query": 7.57472038269043,
  "bert.encoder.layer.11.attention.self.key": 8.39100456237793,
  "bert.encoder.layer.11.attention.self.value": 6.0750885009765625,
  "bert.encoder.layer.11.attention.output.dense": 1.941820740699768,
  "bert.encoder.layer.11.intermediate.dense": 16.821815490722656,
  "bert.encoder.layer.11.output.dense": 23.446163177490234,
  "bert.pooler.dense": 19.706531524658203,
  "classifier": 1.1134231090545654
}